batsman,total_runs,highest_score,total_balls,fours,sixes,strike_rate,total_wickets,runs_conceded,balls_bowled,overs_bowled,economy_rate,catches,stumpings,run_outs
A Ashish Reddy,274,6,936,16,14,29.27350427,264,389,256,42,9.261904762,0,0,0
A Badoni,370,6,2681,22,15,13.80082059,13,11,13,2,5.5,0,0,0
A Chandila,4,1,22,0,0,18.18181818,234,242,234,39,6.205128205,0,0,0
A Chopra,58,4,636,7,0,9.119496855,0,0,0,0,0,0,0,0
A Choudhary,25,6,96,1,1,26.04166667,108,144,101,16,9,0,0,0
A Dananjaya,4,2,15,0,0,26.66666667,25,47,24,4,11.75,0,0,0
A Flintoff,72,6,542,5,2,13.28413284,66,105,66,11,9.545454545,0,0,0
A Kumble,42,4,129,3,0,32.55813953,983,1058,965,160,6.6125,0,0,0
A Manohar,230,6,1655,20,10,13.89728097,0,0,0,0,0,0,0,0
A Mishra,421,6,3300,31,5,12.75757576,3359,4043,3287,547,7.391224863,0,0,0
A Mithun,37,6,63,4,1,58.73015873,312,472,288,48,9.833333333,0,0,0
A Mukund,20,4,231,1,0,8.658008658,0,0,0,0,0,0,0,0
A Nehra,49,6,265,3,1,18.49056604,1949,2464,1884,314,7.847133758,0,0,0
A Nortje,44,4,169,6,0,26.03550296,933,1247,898,149,8.369127517,0,0,0
A Singh,3,1,6,0,0,50,486,620,473,78,7.948717949,0,0,0
A Symonds,1028,6,10935,74,41,9.401005944,540,674,527,87,7.747126437,0,0,0
A Tomar,4,4,28,1,0,14.28571429,0,0,0,0,0,0,0,0
A Uniyal,4,1,21,0,0,19.04761905,38,66,36,6,11,0,0,0
A Zampa,16,4,76,1,0,21.05263158,401,505,395,65,7.769230769,0,0,0
AA Bilakhia,78,4,722,5,0,10.8033241,0,0,0,0,0,0,0,0
AA Chavan,12,4,28,2,0,42.85714286,255,326,248,41,7.951219512,0,0,0
AA Jhunjhunwala,235,6,2695,19,5,8.719851577,88,129,85,14,9.214285714,0,0,0
AA Noffke,11,4,45,1,0,24.44444444,25,40,24,4,10,0,0,0
AB Agarkar,192,6,1071,13,5,17.92717087,813,1137,776,129,8.813953488,0,0,0
AB Barath,44,6,430,5,1,10.23255814,0,0,0,0,0,0,0,0
AB Dinda,30,4,107,2,0,28.03738318,1570,2034,1498,249,8.168674699,0,0,0
AB McDonald,130,6,910,9,4,14.28571429,176,244,174,29,8.413793103,0,0,0
AB de Villiers,5162,7,51102,395,245,10.1013659,0,0,0,0,0,0,0,0
AC Blizzard,126,6,830,21,2,15.18072289,0,0,0,0,0,0,0,0
AC Gilchrist,2215,6,22263,239,92,9.949243139,1,0,1,0,0,0,0,0
AC Thomas,20,6,57,1,1,35.0877193,309,391,297,49,7.979591837,0,0,0
AC Voges,190,6,1610,15,3,11.80124224,56,76,54,9,8.444444444,0,0,0
AD Hales,152,6,1582,13,6,9.608091024,0,0,0,0,0,0,0,0
AD Mascarenhas,53,6,163,3,1,32.51533742,286,327,284,47,6.957446809,0,0,0
AD Mathews,764,6,6777,44,29,11.27342482,807,1079,791,131,8.236641221,0,0,0
AD Nath,91,6,593,7,2,15.34569983,0,0,0,0,0,0,0,0
AD Russell,2306,7,13587,145,187,16.97210569,1552,2294,1491,248,9.25,0,0,0
AF Milne,25,6,164,0,1,15.24390244,217,327,207,34,9.617647059,0,0,0
AG Murtaza,10,4,36,1,0,27.77777778,269,313,264,44,7.113636364,0,0,0
AG Paunikar,56,4,416,9,0,13.46153846,0,0,0,0,0,0,0,0
AJ Finch,2184,7,24623,207,77,8.869755919,44,67,43,7,9.571428571,0,0,0
AJ Hosein,17,6,59,1,1,28.81355932,24,40,24,4,10,0,0,0
AJ Turner,4,1,28,0,0,14.28571429,0,0,0,0,0,0,0,0
AJ Tye,77,6,244,4,3,31.55737705,708,974,678,113,8.619469027,0,0,0
AK Markram,788,6,7632,55,31,10.32494759,110,157,109,18,8.722222222,0,0,0
AL Menaria,416,7,3802,24,18,10.94160968,113,144,110,18,8,0,0,0
AM Nayar,722,6,5005,55,20,14.42557443,239,322,229,38,8.473684211,0,0,0
AM Rahane,4441,6,60504,443,93,7.340010578,6,5,6,1,5,0,0,0
AN Ahmed,38,6,132,4,1,28.78787879,362,498,344,57,8.736842105,0,0,0
AN Ghosh,7,4,21,1,0,33.33333333,0,0,0,0,0,0,0,0
AP Dole,35,6,177,3,1,19.7740113,73,112,66,11,10.18181818,0,0,0
AP Majumdar,90,6,800,7,2,11.25,0,0,0,0,0,0,0,0
AP Tare,365,6,2324,40,11,15.70567986,0,0,0,0,0,0,0,0
AR Bawne,12,4,78,1,0,15.38461538,0,0,0,0,0,0,0,0
AR Patel,1477,7,9818,87,69,15.04379711,2808,3351,2763,460,7.284782609,0,0,0
AS Joseph,28,4,185,3,0,15.13513514,390,576,376,62,9.290322581,0,0,0
AS Rajpoot,27,6,124,2,1,21.77419355,567,815,529,88,9.261363636,0,0,0
AS Raut,178,6,1200,12,5,14.83333333,30,44,30,5,8.8,0,0,0
AS Roy,23,4,60,3,0,38.33333333,108,131,102,17,7.705882353,0,0,0
AS Yadav,52,6,144,5,2,36.11111111,0,0,0,0,0,0,0,0
AT Carey,34,6,144,0,1,23.61111111,0,0,0,0,0,0,0,0
AT Rayudu,4515,7,49321,359,173,9.154315606,0,0,0,0,0,0,0,0
AU Rashid,24,6,75,2,1,32,60,91,60,10,9.1,0,0,0
AUK Pathan,42,6,48,5,2,87.5,41,63,39,6,10.5,0,0,0
Abdul Basith,1,1,1,0,0,100,0,0,0,0,0,0,0,0
Abdul Samad,387,6,2212,20,24,17.4954792,55,113,54,9,12.55555556,0,0,0
Abdur Razzak,0,0,3,0,0,0,14,29,12,2,14.5,0,0,0
Abhishek Sharma,940,6,8075,92,31,11.64086687,229,324,222,37,8.756756757,0,0,0
Abishek Porel,34,6,122,1,2,27.86885246,0,0,0,0,0,0,0,0
Akash Deep,17,6,29,2,1,58.62068966,152,264,143,23,11.47826087,0,0,0
Aman Hakim Khan,126,6,1251,8,6,10.07194245,6,13,6,1,13,0,0,0
Anirudh Singh,66,6,985,6,1,6.700507614,0,0,0,0,0,0,0,0
Ankit Sharma,89,6,526,7,4,16.92015209,363,433,355,59,7.338983051,0,0,0
Ankit Soni,2,1,15,0,0,13.33333333,87,128,85,14,9.142857143,0,0,0
Anmolpreet Singh,135,6,1141,18,3,11.83172656,0,0,0,0,0,0,0,0
Anuj Rawat,238,6,2418,16,11,9.842845327,0,0,0,0,0,0,0,0
Anureet Singh,40,6,281,2,1,14.23487544,380,547,364,60,9.116666667,0,0,0
Arjun Tendulkar,13,6,36,0,1,36.11111111,68,92,59,9,10.22222222,0,0,0
Arshad Khan,18,6,52,0,1,34.61538462,97,190,85,14,13.57142857,0,0,0
Arshdeep Singh,30,4,172,3,0,17.44186047,1108,1512,1044,174,8.689655172,0,0,0
Atharva Taide,196,6,1962,20,6,9.98980632,0,0,0,0,0,0,0,0
Avesh Khan,32,6,40,2,3,80,1017,1414,982,163,8.674846626,0,0,0
Azhar Mahmood,409,6,3817,39,13,10.71522138,552,700,537,89,7.865168539,0,0,0
B Akhil,80,6,181,5,5,44.19889503,193,242,188,31,7.806451613,0,0,0
B Chipli,292,6,2438,28,7,11.97703035,6,20,6,1,20,0,0,0
B Indrajith,22,4,165,2,0,13.33333333,0,0,0,0,0,0,0,0
B Kumar,309,6,1490,27,3,20.73825503,3678,4367,3544,590,7.401694915,0,0,0
B Laughlin,5,1,42,0,0,11.9047619,179,282,168,28,10.07142857,0,0,0
B Lee,133,6,362,8,8,36.74033149,916,1095,875,145,7.551724138,0,0,0
B Sai Sudharsan,533,7,6703,47,15,7.951663434,0,0,0,0,0,0,0,0
B Stanlake,5,4,3,1,0,166.6666667,150,200,144,24,8.333333333,0,0,0
B Sumanth,36,4,264,3,0,13.63636364,0,0,0,0,0,0,0,0
BA Bhatt,6,6,18,0,1,33.33333333,303,397,296,49,8.102040816,0,0,0
BA Stokes,967,6,10061,81,32,9.611370639,723,992,689,114,8.701754386,0,0,0
BAW Mendis,3,1,7,0,0,42.85714286,219,266,216,36,7.388888889,0,0,0
BB McCullum,3089,7,38188,292,130,8.088928459,0,0,0,0,0,0,0,0
BB Samantray,132,6,1863,13,2,7.085346216,0,0,0,0,0,0,0,0
BB Sran,12,2,22,0,0,54.54545455,503,733,471,78,9.397435897,0,0,0
BCJ Cutting,251,6,775,15,19,32.38709677,288,429,281,46,9.326086957,0,0,0
BE Hendricks,1,1,3,0,0,33.33333333,157,235,150,25,9.4,0,0,0
BJ Haddin,18,6,55,2,1,32.72727273,0,0,0,0,0,0,0,0
BJ Hodge,1472,6,15613,122,43,9.428040735,238,303,234,39,7.769230769,0,0,0
BJ Rohrer,191,6,1798,19,5,10.62291435,7,12,6,1,12,0,0,0
BMAJ Mendis,23,2,172,0,0,13.37209302,30,36,30,5,7.2,0,0,0
BR Dunk,44,4,250,7,0,17.6,0,0,0,0,0,0,0,0
Basil Thampi,34,6,136,1,1,25,466,731,449,74,9.878378378,0,0,0
Bipul Sharma,190,6,672,11,9,28.27380952,436,572,426,71,8.056338028,0,0,0
C Green,469,7,4332,40,22,10.82640813,239,361,228,38,9.5,0,0,0
C Madan,22,4,201,3,0,10.94527363,0,0,0,0,0,0,0,0
C Munro,185,6,1180,19,8,15.6779661,12,15,12,2,7.5,0,0,0
C Nanda,0,0,0,0,0,0,50,57,48,8,7.125,0,0,0
C Sakariya,22,4,90,3,0,24.44444444,460,599,426,71,8.436619718,0,0,0
C de Grandhomme,317,7,2096,18,18,15.1240458,230,319,216,36,8.861111111,0,0,0
CA Ingram,190,6,1588,20,5,11.96473552,0,0,0,0,0,0,0,0
CA Lynn,1364,7,15662,129,66,8.708977142,0,0,0,0,0,0,0,0
CA Pujara,421,6,5005,50,4,8.411588412,0,0,0,0,0,0,0,0
CH Gayle,5203,7,63771,401,348,8.158880996,545,694,518,86,8.069767442,0,0,0
CH Morris,642,7,3243,41,35,19.79648474,1745,2226,1672,278,8.007194245,0,0,0
CJ Anderson,559,6,5122,40,31,10.91370558,315,518,297,49,10.57142857,0,0,0
CJ Ferguson,101,4,978,9,0,10.32719836,0,0,0,0,0,0,0,0
CJ Jordan,73,6,326,1,3,22.39263804,663,982,626,104,9.442307692,0,0,0
CJ McKay,8,2,105,0,0,7.619047619,42,60,42,7,8.571428571,0,0,0
CK Kapugedera,19,2,106,0,0,17.9245283,17,49,17,2,24.5,0,0,0
CK Langeveldt,8,6,28,0,1,28.57142857,165,187,156,26,7.192307692,0,0,0
CL White,975,6,10477,75,36,9.306099074,46,86,42,7,12.28571429,0,0,0
CM Gautam,199,6,1496,17,6,13.30213904,0,0,0,0,0,0,0,0
CR Brathwaite,198,6,824,10,16,24.02912621,266,379,254,42,9.023809524,0,0,0
CR Woakes,78,6,417,7,2,18.70503597,463,658,440,73,9.01369863,0,0,0
CRD Fernando,4,2,4,0,0,100,249,298,234,39,7.641025641,0,0,0
CV Varun,30,4,243,2,0,12.34567901,1291,1572,1264,210,7.485714286,0,0,0
D Brevis,168,6,1204,14,11,13.95348837,3,8,3,0,8,0,0,0
D Kalyankrishna,4,1,28,0,0,14.28571429,50,87,48,8,10.875,0,0,0
D Padikkal,1551,6,18359,162,40,8.448172558,0,0,0,0,0,0,0,0
D Pretorius,44,6,126,3,3,34.92063492,166,238,150,25,9.52,0,0,0
D Salunkhe,33,4,214,5,0,15.42056075,51,78,47,7,11.14285714,0,0,0
D Wiese,146,6,722,10,7,20.22160665,283,401,272,45,8.911111111,0,0,0
D du Preez,10,2,78,0,0,12.82051282,43,56,42,7,8,0,0,0
DA Miller,2803,7,24452,186,121,11.46327499,0,0,0,0,0,0,0,0
DA Warner,6628,7,88857,637,224,7.459175979,2,2,1,0,2,0,0,0
DAJ Bracewell,12,4,45,1,0,26.66666667,25,32,24,4,8,0,0,0
DB Das,321,6,2378,23,16,13.49873844,0,0,0,0,0,0,0,0
DB Ravi Teja,401,6,3496,35,9,11.47025172,18,28,18,3,9.333333333,0,0,0
DE Bollinger,24,6,121,1,1,19.83471074,600,693,576,96,7.21875,0,0,0
DG Nalkande,0,0,0,0,0,0,58,103,55,9,11.44444444,0,0,0
DH Yagnik,187,6,833,23,2,22.44897959,0,0,0,0,0,0,0,0
DJ Bravo,1658,7,13470,120,66,12.30883445,3296,4360,3120,520,8.384615385,0,0,0
DJ Harris,119,6,1527,11,5,7.793058284,18,26,18,3,8.666666667,0,0,0
DJ Hooda,1339,6,9917,78,55,13.50206716,341,465,331,55,8.454545455,0,0,0
DJ Hussey,1384,6,14161,90,60,9.773321093,323,474,317,52,9.115384615,0,0,0
DJ Jacobs,102,6,759,10,4,13.43873518,0,0,0,0,0,0,0,0
DJ Malan,27,6,325,1,1,8.307692308,0,0,0,0,0,0,0,0
DJ Mitchell,35,4,493,1,0,7.099391481,13,27,12,2,13.5,0,0,0
DJ Muthuswami,1,1,3,0,0,33.33333333,84,101,84,14,7.214285714,0,0,0
DJ Thornely,53,6,462,2,2,11.47186147,44,40,42,7,5.714285714,0,0,0
DJ Willey,61,5,699,7,0,8.726752504,221,272,216,36,7.555555556,0,0,0
DJG Sammy,317,6,2388,15,18,13.27470687,244,350,236,39,8.974358974,0,0,0
DJM Short,123,6,1376,11,5,8.938953488,18,19,18,3,6.333333333,0,0,0
DL Chahar,86,6,290,2,6,29.65517241,1576,1978,1504,250,7.912,0,0,0
DL Vettori,141,6,905,11,2,15.5801105,785,879,777,129,6.813953488,0,0,0
DM Bravo,6,4,15,1,0,40,0,0,0,0,0,0,0,0
DNT Zoysa,13,4,29,1,0,44.82758621,69,99,66,11,9,0,0,0
DP Conway,962,6,13572,100,30,7.088122605,0,0,0,0,0,0,0,0
DP Nannes,4,1,58,0,0,6.896551724,689,785,646,107,7.336448598,0,0,0
DP Vijaykumar,1,1,1,0,0,100,159,199,152,25,7.96,0,0,0
DPMD Jayawardene,1892,6,22481,198,39,8.41599573,0,0,0,0,0,0,0,0
DR Martyn,21,4,323,1,0,6.501547988,0,0,0,0,0,0,0,0
DR Sams,48,6,130,1,3,36.92307692,389,523,360,60,8.716666667,0,0,0
DR Shorey,16,6,87,0,1,18.3908046,0,0,0,0,0,0,0,0
DR Smith,2515,6,27258,245,117,9.226649057,557,810,539,89,9.101123596,0,0,0
DS Kulkarni,111,6,545,7,2,20.36697248,1850,2438,1763,293,8.320819113,0,0,0
DS Lehmann,20,4,137,3,0,14.59854015,0,0,0,0,0,0,0,0
DT Christian,482,7,3237,23,19,14.89033055,922,1192,883,147,8.108843537,0,0,0
DT Patil,13,4,67,1,0,19.40298507,0,0,0,0,0,0,0,0
DW Steyn,176,6,640,14,3,27.5,2250,2471,2152,358,6.902234637,0,0,0
Dhruv Jurel,159,6,546,11,9,29.12087912,0,0,0,0,0,0,0,0
E Lewis,698,6,6714,62,36,10.39618707,0,0,0,0,0,0,0,0
EJG Morgan,1459,6,13579,109,63,10.744532,0,0,0,0,0,0,0,0
ER Dwivedi,29,6,50,2,2,58,0,0,0,0,0,0,0,0
F Behardien,14,4,38,2,0,36.84210526,0,0,0,0,0,0,0,0
F du Plessis,4288,6,56511,375,145,7.58790324,6,16,6,1,16,0,0,0
FA Allen,15,4,71,1,0,21.12676056,91,136,90,15,9.066666667,0,0,0
FH Edwards,4,3,6,0,0,66.66666667,150,154,140,23,6.695652174,0,0,0
FY Fazal,207,6,1985,22,1,10.42821159,12,20,12,2,10,0,0,0
Fazalhaq Farooqi,3,1,51,0,0,5.882352941,162,227,152,25,9.08,0,0,0
G Gambhir,4430,7,59343,488,59,7.465075915,0,0,0,0,0,0,0,0
GB Hogg,22,4,81,1,0,27.16049383,466,570,458,76,7.5,0,0,0
GC Smith,783,6,11489,93,9,6.815214553,0,0,0,0,0,0,0,0
GC Viljoen,6,2,9,0,0,66.66666667,146,222,138,23,9.652173913,0,0,0
GD McGrath,4,4,7,1,0,57.14285714,329,357,324,54,6.611111111,0,0,0
GD Phillips,66,6,228,3,6,28.94736842,31,40,30,5,8,0,0,0
GH Vihari,254,6,2884,21,1,8.807212205,37,42,36,6,7,0,0,0
GHS Garton,2,1,6,0,0,33.33333333,97,135,90,15,9,0,0,0
GJ Bailey,692,6,6062,59,19,11.41537446,0,0,0,0,0,0,0,0
GJ Maxwell,2865,6,21835,227,158,13.12113579,837,1135,818,136,8.345588235,0,0,0
GR Napier,15,4,120,1,0,12.5,24,27,24,4,6.75,0,0,0
Gurkeerat Singh,535,6,4675,54,11,11.44385027,82,97,78,13,7.461538462,0,0,0
H Das,2,1,10,0,0,20,0,0,0,0,0,0,0,0
H Klaasen,521,6,4357,37,26,11.95776911,0,0,0,0,0,0,0,0
HC Brook,202,6,2430,23,4,8.312757202,0,0,0,0,0,0,0,0
HE van der Dussen,25,4,116,2,0,21.55172414,0,0,0,0,0,0,0,0
HF Gurney,1,1,15,0,0,6.666666667,169,238,162,27,8.814814815,0,0,0
HH Gibbs,955,6,13792,83,31,6.924303944,0,0,0,0,0,0,0,0
HH Pandya,2397,6,19099,171,122,12.55039531,1247,1743,1190,198,8.803030303,0,0,0
HM Amla,600,6,8556,60,21,7.012622721,0,0,0,0,0,0,0,0
HR Shokeen,70,4,668,9,0,10.47904192,213,314,204,34,9.235294118,0,0,0
HV Patel,243,6,870,15,13,27.93103448,1917,2606,1819,303,8.600660066,0,0,0
Harbhajan Singh,895,6,4410,79,42,20.29478458,3471,4007,3392,565,7.092035398,0,0,0
Harmeet Singh,18,4,26,3,0,69.23076923,574,731,549,91,8.032967033,0,0,0
Harpreet Brar,170,6,952,11,7,17.85714286,462,592,451,75,7.893333333,0,0,0
Harpreet Singh,100,6,836,8,3,11.96172249,0,0,0,0,0,0,0,0
Harshit Rana,2,2,1,0,0,200,139,198,132,22,9,0,0,0
I Malhotra,7,4,10,1,0,70,6,23,6,1,23,0,0,0
I Sharma,58,6,223,4,2,26.00896861,2199,2844,2099,349,8.148997135,0,0,0
I Udana,15,6,19,1,1,78.94736842,155,237,150,25,9.48,0,0,0
IC Pandey,0,0,1,0,0,0,469,591,462,77,7.675324675,0,0,0
IK Pathan,1179,6,8235,80,35,14.31693989,2058,2562,1989,331,7.740181269,0,0,0
IR Jaggi,84,4,1040,6,0,8.076923077,0,0,0,0,0,0,0,0
IS Sodhi,10,3,79,0,0,12.65822785,182,202,181,30,6.733333333,0,0,0
Imran Tahir,34,4,114,5,0,29.8245614,1340,1703,1316,219,7.776255708,0,0,0
Iqbal Abdulla,97,6,616,9,1,15.74675325,931,1092,908,151,7.231788079,0,0,0
Ishan Kishan,2246,6,22000,211,92,10.20909091,0,0,0,0,0,0,0,0
J Arunkumar,25,4,156,5,0,16.02564103,0,0,0,0,0,0,0,0
J Botha,424,6,4228,39,5,10.02838221,709,800,694,115,6.956521739,0,0,0
J Suchith,60,6,386,4,2,15.54404145,410,581,396,66,8.803030303,0,0,0
J Syed Mohammad,29,4,116,4,0,25,184,270,180,30,9,0,0,0
J Theron,10,4,28,1,0,35.71428571,203,276,192,32,8.625,0,0,0
J Yadav,42,6,273,2,1,15.38461538,392,443,384,64,6.921875,0,0,0
JA Morkel,1011,7,6968,60,55,14.50918485,1783,2336,1699,283,8.254416961,0,0,0
JA Richardson,16,4,254,2,0,6.299212598,69,117,66,11,10.63636364,0,0,0
JC Archer,209,7,519,11,14,40.26974952,987,1178,945,157,7.503184713,0,0,0
JC Buttler,3385,7,41101,318,149,8.235809348,0,0,0,0,0,0,0,0
JD Ryder,630,6,6300,69,19,10,241,303,236,39,7.769230769,0,0,0
JD Unadkat,182,6,777,14,6,23.42342342,1937,2813,1890,315,8.93015873,0,0,0
JDP Oram,110,6,903,6,5,12.18161683,244,349,237,39,8.948717949,0,0,0
JDS Neesham,95,6,593,6,2,16.02023609,222,334,216,36,9.277777778,0,0,0
JE Root,10,4,105,1,0,9.523809524,12,14,12,2,7,0,0,0
JE Taylor,4,2,5,0,0,80,122,157,117,19,8.263157895,0,0,0
JEC Franklin,342,6,4305,25,9,7.944250871,155,220,151,25,8.8,0,0,0
JH Kallis,2553,6,40196,254,44,6.351378247,1793,2289,1736,289,7.920415225,0,0,0
JJ Bumrah,60,6,188,4,1,31.91489362,2733,3250,2646,441,7.369614512,0,0,0
JJ Roy,655,6,6654,75,21,9.843703036,0,0,0,0,0,0,0,0
JJ van der Wath,19,6,69,1,1,27.53623188,76,129,72,12,10.75,0,0,0
JL Denly,0,0,0,0,0,0,0,0,0,0,0,0,0,0
JL Pattinson,15,4,43,2,0,34.88372093,198,269,189,31,8.677419355,0,0,0
JM Bairstow,1275,6,15250,123,51,8.360655738,0,0,0,0,0,0,0,0
JM Kemp,27,6,156,1,1,17.30769231,45,53,43,7,7.571428571,0,0,0
JM Sharma,567,7,3373,44,33,16.80996146,0,0,0,0,0,0,0,0
JO Holder,272,6,1386,13,18,19.62481962,1049,1461,995,165,8.854545455,0,0,0
JP Behrendorff,6,1,25,0,0,24,379,552,366,61,9.049180328,0,0,0
JP Duminy,2061,6,25712,122,76,8.015712508,701,834,678,113,7.380530973,0,0,0
JP Faulkner,525,6,2626,34,23,19.99238385,1189,1657,1143,190,8.721052632,0,0,0
JPR Scantlebury-Searles,8,6,11,0,1,72.72727273,45,89,42,7,12.71428571,0,0,0
JR Hazlewood,20,4,119,1,0,16.80672269,622,810,603,100,8.1,0,0,0
JR Hopes,433,6,4247,49,11,10.19543207,369,548,360,60,9.133333333,0,0,0
JR Philippe,86,6,961,9,1,8.949011446,0,0,0,0,0,0,0,0
Jaskaran Singh,8,2,20,0,0,40,111,171,102,17,10.05882353,0,0,0
Joginder Sharma,36,6,168,1,2,21.42857143,272,419,256,42,9.976190476,0,0,0
K Goel,234,6,2253,17,9,10.3861518,67,93,66,11,8.454545455,0,0,0
K Gowtham,240,6,539,14,16,44.52690167,562,740,552,92,8.043478261,0,0,0
K Kartikeya,11,4,36,1,0,30.55555556,241,329,234,39,8.435897436,0,0,0
K Rabada,201,6,1619,16,6,12.41507103,1567,2106,1500,250,8.424,0,0,0
K Upadhyay,12,6,37,0,1,32.43243243,56,81,54,9,9,0,0,0
K Yadav,0,0,10,0,0,0,54,84,54,9,9.333333333,0,0,0
KA Jamieson,69,6,277,5,3,24.90974729,179,269,168,28,9.607142857,0,0,0
KA Pollard,3503,7,23749,212,213,14.75009474,1566,2141,1470,245,8.73877551,0,0,0
KAJ Roach,10,4,36,1,0,27.77777778,52,80,48,8,10,0,0,0
KB Arun Karthik,58,6,284,4,1,20.42253521,0,0,0,0,0,0,0,0
KC Cariappa,24,6,56,0,2,42.85714286,224,348,216,36,9.666666667,0,0,0
KC Sangakkara,1746,7,20791,192,27,8.397864461,0,0,0,0,0,0,0,0
KD Karthik,4600,6,40529,429,134,11.3498976,0,0,0,0,0,0,0,0
KH Pandya,1527,6,10965,130,53,13.92612859,1897,2280,1846,307,7.426710098,0,0,0
KJ Abbott,13,6,22,0,1,59.09090909,102,177,96,16,11.0625,0,0,0
KK Ahmed,1,1,2,0,0,50,973,1318,928,154,8.558441558,0,0,0
KK Cooper,122,6,296,9,8,41.21621622,600,757,576,96,7.885416667,0,0,0
KK Nair,1512,6,15950,159,38,9.479623824,0,0,0,0,0,0,0,0
KL Nagarkoti,23,4,123,1,0,18.69918699,185,285,180,30,9.5,0,0,0
KL Rahul,4215,6,63782,344,164,6.608447524,0,0,0,0,0,0,0,0
KM Asif,0,0,1,0,0,0,143,232,133,22,10.54545455,0,0,0
KM Jadhav,1231,6,9709,99,39,12.67895767,0,0,0,0,0,0,0,0
KMA Paul,22,6,60,1,1,36.66666667,180,237,163,27,8.777777778,0,0,0
KMDN Kulasekara,6,4,6,1,0,100,107,120,102,17,7.058823529,0,0,0
KP Appanna,3,1,4,0,0,75,222,286,216,36,7.944444444,0,0,0
KP Pietersen,1039,6,10878,91,40,9.551388123,180,215,174,29,7.413793103,0,0,0
KR Mayers,389,7,3386,36,22,11.48848198,46,59,42,7,8.428571429,0,0,0
KR Sen,0,0,6,0,0,0,176,265,169,28,9.464285714,0,0,0
KS Bharat,209,6,2714,12,8,7.700810612,0,0,0,0,0,0,0,0
KS Sharma,7,4,16,1,0,43.75,0,0,0,0,0,0,0,0
KS Williamson,2082,6,25621,170,63,8.12614652,18,31,18,3,10.33333333,0,0,0
KV Sharma,346,6,2002,18,14,17.28271728,1371,1833,1351,225,8.146666667,0,0,0
KW Richardson,36,6,312,2,1,11.53846154,320,444,311,51,8.705882353,0,0,0
Kamran Akmal,132,6,665,13,8,19.84962406,0,0,0,0,0,0,0,0
Kamran Khan,3,2,10,0,0,30,143,206,136,22,9.363636364,0,0,0
Karanveer Singh,12,4,47,1,0,25.53191489,213,321,204,34,9.441176471,0,0,0
Kartik Tyagi,14,4,23,1,0,60.86956522,432,662,398,66,10.03030303,0,0,0
Kuldeep Yadav,138,6,1080,9,2,12.77777778,1476,1957,1446,241,8.12033195,0,0,0
L Ablish,0,0,3,0,0,0,45,75,42,7,10.71428571,0,0,0
L Balaji,41,6,144,2,1,28.47222222,1549,1999,1488,248,8.060483871,0,0,0
L Ronchi,37,6,149,6,1,24.83221477,0,0,0,0,0,0,0,0
LA Carseldine,87,4,710,11,0,12.25352113,7,6,6,1,6,0,0,0
LA Pomersbach,330,6,3554,25,13,9.285312324,0,0,0,0,0,0,0,0
LE Plunkett,1,1,3,0,0,33.33333333,154,225,150,25,9,0,0,0
LH Ferguson,71,6,301,6,2,23.58803987,802,1118,763,127,8.803149606,0,0,0
LJ Wright,110,6,506,16,3,21.73913043,75,124,71,11,11.27272727,0,0,0
LMP Simmons,1127,6,17670,109,44,6.378041879,18,34,18,3,11.33333333,0,0,0
LPC Silva,43,6,149,5,1,28.8590604,6,21,6,1,21,0,0,0
LR Shukla,419,6,3233,32,16,12.96009898,326,447,314,52,8.596153846,0,0,0
LRPL Taylor,1084,7,9820,66,46,11.03869654,13,24,12,2,12,0,0,0
LS Livingstone,869,7,6643,57,58,13.08143911,192,309,186,31,9.967741935,0,0,0
Lalit Yadav,322,7,3315,26,7,9.713423831,276,369,270,45,8.2,0,0,0
Liton Das,4,4,6,1,0,66.66666667,0,0,0,0,0,0,0,0
M Ashwin,35,6,189,2,1,18.51851852,880,1134,852,142,7.985915493,0,0,0
M Jansen,56,6,339,4,1,16.51917404,419,587,390,65,9.030769231,0,0,0
M Kaif,265,6,1751,22,6,15.13420902,0,0,0,0,0,0,0,0
M Kartik,117,6,645,7,1,18.13953488,1156,1361,1125,187,7.278074866,0,0,0
M Klinger,77,4,822,9,0,9.367396594,0,0,0,0,0,0,0,0
M Manhas,544,6,5142,43,10,10.57954103,42,42,42,7,6,0,0,0
M Markande,54,6,147,5,1,36.73469388,595,810,588,98,8.265306122,0,0,0
M Morkel,130,6,307,11,5,42.34527687,1647,2017,1581,263,7.669201521,0,0,0
M Muralitharan,22,4,71,1,0,30.98591549,1528,1662,1476,246,6.756097561,0,0,0
M Ntini,12,4,91,2,0,13.18681319,213,242,210,35,6.914285714,0,0,0
M Prasidh Krishna,9,1,62,0,0,14.51612903,1200,1671,1121,186,8.983870968,0,0,0
M Rawat,59,6,355,4,1,16.61971831,0,0,0,0,0,0,0,0
M Shahrukh Khan,451,6,2818,26,28,16.00425834,0,0,0,0,0,0,0,0
M Theekshana,11,6,13,0,1,84.61538462,486,616,480,80,7.7,0,0,0
M Vijay,2726,7,33164,247,89,8.219756362,37,49,36,6,8.166666667,0,0,0
M Vohra,1136,6,10335,103,43,10.99177552,0,0,0,0,0,0,0,0
M de Lange,1,1,1,0,0,100,116,169,108,18,9.388888889,0,0,0
MA Agarwal,2629,6,25320,247,93,10.38309637,0,0,0,0,0,0,0,0
MA Khote,27,6,86,2,1,31.39534884,30,51,30,5,10.2,0,0,0
MA Starc,107,4,646,10,0,16.56346749,587,658,556,92,7.152173913,0,0,0
MA Wood,14,6,15,1,1,93.33333333,127,179,120,20,8.95,0,0,0
MC Henriques,990,6,8540,82,28,11.59250585,960,1275,932,155,8.225806452,0,0,0
MC Juneja,119,6,1511,9,1,7.875579087,0,0,0,0,0,0,0,0
MD Mishra,254,6,1783,24,8,14.24565339,0,0,0,0,0,0,0,0
MD Shanaka,26,6,151,2,1,17.21854305,0,0,0,0,0,0,0,0
MDKJ Perera,15,4,66,3,0,22.72727273,0,0,0,0,0,0,0,0
MEK Hussey,2064,6,31042,198,52,6.649056118,0,0,0,0,0,0,0,0
MF Maharoof,181,6,725,12,9,24.96551724,441,520,420,70,7.428571429,0,0,0
MG Bracewell,63,6,335,6,1,18.80597015,66,95,66,11,8.636363636,0,0,0
MG Johnson,169,6,653,9,7,25.8805513,1271,1669,1208,201,8.303482587,0,0,0
MJ Clarke,104,5,959,12,0,10.84462982,66,67,66,11,6.090909091,0,0,0
MJ Guptill,260,7,2080,23,14,12.5,0,0,0,0,0,0,0,0
MJ Lumb,297,6,2587,45,6,11.48047932,0,0,0,0,0,0,0,0
MJ McClenaghan,91,6,226,5,7,40.26548673,1321,1753,1250,208,8.427884615,0,0,0
MJ Santner,67,6,400,3,3,16.75,316,358,312,52,6.884615385,0,0,0
MK Lomror,430,6,3215,24,21,13.3748056,85,109,84,14,7.785714286,0,0,0
MK Pandey,3887,7,49021,324,105,7.929254809,0,0,0,0,0,0,0,0
MK Tiwary,1777,6,21644,156,40,8.210127518,45,83,42,7,11.85714286,0,0,0
ML Hayden,1169,6,14094,117,42,8.294309635,0,0,0,0,0,0,0,0
MM Ali,1084,6,8562,88,59,12.66059332,697,809,686,114,7.096491228,0,0,0
MM Patel,40,4,126,5,0,31.74603175,1363,1662,1337,222,7.486486486,0,0,0
MM Sharma,128,6,408,9,4,31.37254902,2038,2786,1995,332,8.391566265,0,0,0
MN Samuels,174,6,1764,9,7,9.863945578,219,284,214,35,8.114285714,0,0,0
MN van Wyk,175,6,2468,19,1,7.09076175,0,0,0,0,0,0,0,0
MP Stoinis,1501,6,12045,103,72,12.46160232,720,1107,695,115,9.626086957,0,0,0
MR Marsh,624,6,6756,39,35,9.236234458,526,681,499,83,8.204819277,0,0,0
MS Bisla,884,6,10124,92,23,8.73172659,0,0,0,0,0,0,0,0
MS Dhoni,5334,7,47872,349,239,11.14221257,0,0,0,0,0,0,0,0
MS Gony,103,6,279,6,8,36.91756272,913,1267,876,146,8.678082192,0,0,0
MS Wade,198,6,1427,23,2,13.87526279,0,0,0,0,0,0,0,0
MV Boucher,416,7,3476,32,13,11.96777906,0,0,0,0,0,0,0,0
MW Short,126,6,974,15,4,12.93634497,25,25,24,4,6.25,0,0,0
Mandeep Singh,1748,6,17064,172,38,10.24378809,12,26,12,2,13,0,0,0
Mashrafe Mortaza,2,2,3,0,0,66.66666667,28,58,24,4,14.5,0,0,0
Misbah-ul-Haq,124,6,784,10,6,15.81632653,0,0,0,0,0,0,0,0
Mohammad Ashraful,5,1,55,0,0,9.090909091,0,0,0,0,0,0,0,0
Mohammad Asif,3,1,10,0,0,30,199,296,192,32,9.25,0,0,0
Mohammad Hafeez,69,6,548,7,2,12.59124088,63,68,60,10,6.8,0,0,0
Mohammad Nabi,158,7,482,14,7,32.78008299,321,384,319,53,7.245283019,0,0,0
Mohammed Shami,80,6,241,6,2,33.19502075,2462,3368,2378,396,8.505050505,0,0,0
Mohammed Siraj,104,6,519,10,2,20.03853565,1731,2326,1634,272,8.551470588,0,0,0
Mohit Rathee,1,1,3,0,0,33.33333333,12,29,12,2,14.5,0,0,0
Mohsin Khan,26,6,91,2,1,28.57142857,270,304,258,43,7.069767442,0,0,0
Mujeeb Ur Rahman,14,4,24,2,0,58.33333333,452,592,434,72,8.222222222,0,0,0
Mukesh Choudhary,6,4,13,1,0,46.15384615,291,424,273,45,9.422222222,0,0,0
Mukesh Kumar,8,1,38,0,0,21.05263158,197,326,186,31,10.51612903,0,0,0
Mustafizur Rahman,13,6,63,0,1,20.63492063,1128,1444,1092,182,7.934065934,0,0,0
N Jagadeesan,175,6,1862,21,2,9.398496241,0,0,0,0,0,0,0,0
N Pooran,1286,6,8355,76,89,15.39198085,0,0,0,0,0,0,0,0
N Rana,2664,7,28352,225,129,9.396162528,179,244,174,29,8.413793103,0,0,0
N Saini,145,4,1445,16,0,10.03460208,0,0,0,0,0,0,0,0
N Wadhera,256,6,2498,23,12,10.24819856,0,0,0,0,0,0,0,0
ND Doshi,0,0,78,0,0,0,57,79,56,9,8.777777778,0,0,0
NJ Maddinson,20,4,64,4,0,31.25,0,0,0,0,0,0,0,0
NJ Rimmington,1,1,1,0,0,100,18,19,18,3,6.333333333,0,0,0
NK Patel,131,6,1638,14,1,7.997557998,0,0,0,0,0,0,0,0
NL McCullum,28,6,148,0,1,18.91891892,30,34,30,5,6.8,0,0,0
NLTC Perera,446,6,2164,22,26,20.60998152,690,995,674,112,8.883928571,0,0,0
NM Coulter-Nile,62,6,161,3,4,38.50931677,868,1067,833,138,7.731884058,0,0,0
NS Naik,28,4,420,1,0,6.666666667,0,0,0,0,0,0,0,0
NT Ellis,20,6,99,0,1,20.2020202,341,484,330,55,8.8,0,0,0
NV Ojha,1635,7,15726,120,79,10.39679512,0,0,0,0,0,0,0,0
Navdeep Saini,34,4,148,3,0,22.97297297,644,885,616,102,8.676470588,0,0,0
Naveen-ul-Haq,21,4,105,2,0,20,175,223,168,28,7.964285714,0,0,0
Noor Ahmad,8,4,18,1,0,44.44444444,299,369,283,47,7.85106383,0,0,0
OA Shah,550,6,5830,34,23,9.433962264,0,0,0,0,0,0,0,0
OC McCoy,8,6,15,0,1,53.33333333,180,254,161,26,9.769230769,0,0,0
OF Smith,58,6,286,1,5,20.27972028,95,178,90,15,11.86666667,0,0,0
P Awana,5,1,33,0,0,15.15151515,774,1029,747,124,8.298387097,0,0,0
P Chopra,8,4,15,2,0,53.33333333,0,0,0,0,0,0,0,0
P Dogra,131,6,1378,4,5,9.506531205,0,0,0,0,0,0,0,0
P Dubey,24,4,281,2,0,8.540925267,67,91,66,11,8.272727273,0,0,0
P Kumar,363,6,1550,22,17,23.41935484,2637,3251,2524,420,7.74047619,0,0,0
P Negi,387,6,1855,26,16,20.86253369,733,939,716,119,7.890756303,0,0,0
P Parameswaran,2,1,3,0,0,66.66666667,159,224,154,25,8.96,0,0,0
P Ray Barman,20,4,300,2,0,6.666666667,24,56,24,4,14,0,0,0
P Sahu,19,6,79,1,1,24.05063291,107,146,105,17,8.588235294,0,0,0
P Simran Singh,438,6,4449,44,21,9.844908968,0,0,0,0,0,0,0,0
PA Patel,2899,6,29055,351,46,9.977628635,0,0,0,0,0,0,0,0
PA Reddy,147,6,1538,13,2,9.55786736,0,0,0,0,0,0,0,0
PBB Rajapaksa,294,6,2320,22,15,12.67241379,0,0,0,0,0,0,0,0
PC Valthaty,534,6,6853,60,20,7.792207792,153,205,151,25,8.2,0,0,0
PD Collingwood,213,6,3112,9,13,6.844473008,90,101,89,14,7.214285714,0,0,0
PD Salt,225,6,1923,24,10,11.70046802,0,0,0,0,0,0,0,0
PJ Cummins,404,6,2220,24,26,18.1981982,971,1329,929,154,8.62987013,0,0,0
PJ Sangwan,34,5,112,1,0,30.35714286,905,1240,856,142,8.732394366,0,0,0
PK Garg,285,6,2112,16,9,13.49431818,0,0,0,0,0,0,0,0
PM Sarvesh Kumar,1,1,3,0,0,33.33333333,31,42,30,5,8.4,0,0,0
PN Mankad,104,6,1298,13,2,8.012326656,0,0,0,0,0,0,0,0
PP Chawla,626,6,3002,52,18,20.85276482,3614,4706,3574,595,7.909243697,0,0,0
PP Ojha,22,2,100,0,0,22,1945,2332,1899,316,7.379746835,0,0,0
PP Shaw,1598,6,13558,188,52,11.78639917,0,0,0,0,0,0,0,0
PR Shah,104,6,746,9,2,13.94101877,0,0,0,0,0,0,0,0
PSP Handscomb,6,1,66,0,0,9.090909091,0,0,0,0,0,0,0,0
PV Tambe,20,4,246,1,0,8.130081301,613,763,600,100,7.63,0,0,0
PVD Chameera,48,6,106,3,3,45.28301887,278,384,264,44,8.727272727,0,0,0
PWH de Silva,80,6,392,7,1,20.40816327,557,748,552,92,8.130434783,0,0,0
Pankaj Singh,7,2,23,0,0,30.43478261,311,468,300,50,9.36,0,0,0
Parvez Rasool,18,4,60,1,0,30,200,271,198,33,8.212121212,0,0,0
Q de Kock,2818,7,32728,268,106,8.610364214,0,0,0,0,0,0,0,0
R Ashwin,747,6,4329,56,24,17.25571726,4278,4841,4140,690,7.015942029,0,0,0
R Bhatia,356,6,1495,24,13,23.81270903,1636,1991,1612,268,7.429104478,0,0,0
R Bishnoi,19,6,92,1,2,20.65217391,0,0,0,0,0,0,0,0
R Dhawan,217,6,1370,18,7,15.83941606,674,856,644,107,8,0,0,0
R Dravid,2270,6,29618,269,28,7.664258221,0,0,0,0,0,0,0,0
R McLaren,172,6,2729,14,1,6.302674973,372,542,354,59,9.186440678,0,0,0
R Ninan,4,1,13,0,0,30.76923077,36,65,36,6,10.83333333,0,0,0
R Parag,627,6,4940,44,27,12.69230769,156,270,151,25,10.8,0,0,0
R Powell,269,6,1970,11,22,13.65482234,21,35,18,3,11.66666667,0,0,0
R Rampaul,43,6,268,3,1,16.04477612,247,270,238,39,6.923076923,0,0,0
R Sanjay Yadav,0,0,1,0,0,0,14,23,12,2,11.5,0,0,0
R Sathish,288,6,1527,22,6,18.86051081,144,232,139,23,10.08695652,0,0,0
R Sharma,71,6,262,5,3,27.09923664,929,1082,922,153,7.071895425,0,0,0
R Shepherd,63,6,309,2,5,20.38834951,57,98,54,9,10.88888889,0,0,0
R Shukla,19,4,96,2,0,19.79166667,130,208,120,20,10.4,0,0,0
R Tewatia,875,6,5787,60,42,15.12009677,848,1080,825,137,7.883211679,0,0,0
R Vinay Kumar,330,6,1803,20,9,18.30282862,2107,2888,2049,341,8.469208211,0,0,0
RA Bawa,11,4,78,1,0,14.1025641,0,0,0,0,0,0,0,0
RA Jadeja,2813,7,19815,191,98,14.19631592,3580,4466,3517,586,7.62116041,0,0,0
RA Tripathi,2127,6,21056,203,77,10.10163374,6,12,6,1,12,0,0,0
RD Chahar,111,6,636,10,4,17.45283019,1435,1777,1406,234,7.594017094,0,0,0
RD Gaikwad,1872,6,25587,159,73,7.316215266,0,0,0,0,0,0,0,0
RE Levi,89,6,878,10,4,10.13667426,0,0,0,0,0,0,0,0
RE van der Merwe,170,6,940,11,8,18.08510638,455,498,443,73,6.821917808,0,0,0
RG More,2,1,3,0,0,66.66666667,37,59,35,5,11.8,0,0,0
RG Sharma,6385,7,74161,547,257,8.60964658,349,453,339,56,8.089285714,0,0,0
RJ Harris,119,6,548,6,3,21.71532847,865,1047,832,138,7.586956522,0,0,0
RJ Peterson,37,6,141,3,1,26.24113475,48,70,48,8,8.75,0,0,0
RJ Quiney,108,6,1387,12,2,7.786589762,0,0,0,0,0,0,0,0
RK Bhui,8,2,87,0,0,9.195402299,0,0,0,0,0,0,0,0
RK Singh,765,7,6677,54,38,11.45724128,0,0,0,0,0,0,0,0
RM Patidar,437,6,5124,30,21,8.528493365,0,0,0,0,0,0,0,0
RN ten Doeschate,338,6,2852,26,15,11.8513324,83,94,78,13,7.230769231,0,0,0
RP Meredith,0,0,4,0,0,0,415,612,388,64,9.5625,0,0,0
RP Singh,59,6,135,2,1,43.7037037,1849,2290,1751,291,7.869415808,0,0,0
RR Bhatkal,0,0,1,0,0,0,12,35,12,2,17.5,0,0,0
RR Pant,2876,7,27287,252,128,10.5398175,0,0,0,0,0,0,0,0
RR Powar,66,6,392,6,1,16.83673469,418,505,402,67,7.537313433,0,0,0
RR Raje,20,6,50,1,1,40,144,209,139,23,9.086956522,0,0,0
RR Rossouw,271,6,2397,20,14,11.30579892,0,0,0,0,0,0,0,0
RR Sarwan,77,6,829,6,1,9.288299156,0,0,0,0,0,0,0,0
RS Bopara,556,6,7550,39,16,7.364238411,213,292,206,34,8.588235294,0,0,0
RS Gavaskar,2,1,28,0,0,7.142857143,6,8,6,1,8,0,0,0
RS Sodhi,4,4,3,1,0,133.3333333,0,0,0,0,0,0,0,0
RT Ponting,104,6,1479,5,2,7.031778229,0,0,0,0,0,0,0,0
RV Gomez,60,6,367,5,1,16.34877384,97,129,96,16,8.0625,0,0,0
RV Patel,84,6,488,6,2,17.21311475,20,22,18,3,7.333333333,0,0,0
RV Uthappa,5233,6,56033,479,182,9.339139436,0,0,0,0,0,0,0,0
Rahmanullah Gurbaz,252,7,2260,17,15,11.15044248,0,0,0,0,0,0,0,0
Ramandeep Singh,50,6,234,3,1,21.36752137,41,54,36,6,9,0,0,0
Rashid Khan,471,6,1764,28,35,26.70068027,2554,2805,2525,420,6.678571429,0,0,0
Rasikh Salam,12,4,25,1,0,48,51,70,48,8,8.75,0,0,0
Ravi Bishnoi,31,4,127,2,0,24.40944882,1153,1419,1113,185,7.67027027,0,0,0
S Anirudha,164,6,1768,9,7,9.2760181,0,0,0,0,0,0,0,0
S Aravind,64,4,250,7,0,25.6,788,1039,760,126,8.246031746,0,0,0
S Badree,15,2,70,0,0,21.42857143,263,319,258,43,7.418604651,0,0,0
S Badrinath,1513,6,19641,154,28,7.703273764,0,0,0,0,0,0,0,0
S Chanderpaul,27,4,166,4,0,16.26506024,0,0,0,0,0,0,0,0
S Dhawan,6914,7,95419,745,148,7.245936344,49,66,48,8,8.25,0,0,0
S Dube,1138,6,9354,57,70,12.16591832,111,166,106,17,9.764705882,0,0,0
S Gopal,186,6,1166,19,2,15.95197256,952,1270,943,157,8.089171975,0,0,0
S Kaul,20,4,115,1,0,17.39130435,1214,1708,1185,197,8.670050761,0,0,0
S Kaushik,0,0,0,0,0,0,210,297,204,34,8.735294118,0,0,0
S Ladda,1,1,41,0,0,2.43902439,141,224,138,23,9.739130435,0,0,0
S Lamichhane,0,0,0,0,0,0,187,263,186,31,8.483870968,0,0,0
S Nadeem,46,5,241,2,0,19.08713693,1420,1758,1391,231,7.61038961,0,0,0
S Narwal,39,4,158,6,0,24.6835443,113,202,106,17,11.88235294,0,0,0
S Rana,96,6,508,9,1,18.8976378,16,18,16,2,9,0,0,0
S Randiv,2,2,6,0,0,33.33333333,180,223,174,29,7.689655172,0,0,0
S Sohal,400,6,3719,34,18,10.75557946,0,0,0,0,0,0,0,0
S Sreesanth,44,4,254,6,0,17.32283465,947,1194,880,146,8.178082192,0,0,0
S Sriram,39,5,463,3,0,8.423326134,18,49,18,3,16.33333333,0,0,0
S Tyagi,3,1,10,0,0,30,220,295,209,34,8.676470588,0,0,0
S Vidyut,156,6,1200,21,3,13,13,22,12,2,11,0,0,0
SA Abbott,23,6,56,1,2,41.07142857,59,104,54,9,11.55555556,0,0,0
SA Asnodkar,462,6,4904,56,10,9.420880914,0,0,0,0,0,0,0,0
SA Yadav,3294,7,31553,343,110,10.43957785,6,8,6,1,8,0,0,0
SB Bangar,48,6,213,1,3,22.53521127,153,219,150,25,8.76,0,0,0
SB Jakati,29,4,124,3,0,23.38709677,1101,1451,1085,180,8.061111111,0,0,0
SB Joshi,8,1,56,0,0,14.28571429,55,82,55,9,9.111111111,0,0,0
SB Styris,139,6,1634,10,3,8.506731946,222,276,216,36,7.666666667,0,0,0
SB Wagh,2,2,1,0,0,200,108,137,102,17,8.058823529,0,0,0
SC Ganguly,1411,6,21078,133,40,6.694183509,262,340,258,43,7.906976744,0,0,0
SD Chitnis,104,7,791,10,2,13.14791403,38,60,36,6,10,0,0,0
SD Lad,15,6,78,1,1,19.23076923,0,0,0,0,0,0,0,0
SE Bond,1,1,1,0,0,100,191,224,186,31,7.225806452,0,0,0
SE Marsh,2532,7,36311,261,75,6.973093553,0,0,0,0,0,0,0,0
SE Rutherford,122,6,1088,3,8,11.21323529,46,59,41,6,9.833333333,0,0,0
SJ Srivastava,5,2,5,0,0,100,286,416,264,44,9.454545455,0,0,0
SK Raina,5754,7,62044,506,202,9.274063568,895,1077,873,145,7.427586207,0,0,0
SK Trivedi,47,6,187,3,1,25.13368984,1557,1904,1506,251,7.585657371,0,0,0
SK Warne,208,6,1683,14,6,12.35888295,1197,1422,1170,195,7.292307692,0,0,0
SL Malinga,95,6,492,6,5,19.30894309,2922,3295,2779,463,7.11663067,0,0,0
SM Curran,635,6,4634,50,31,13.70306431,980,1484,935,155,9.574193548,0,0,0
SM Harwood,13,2,56,0,0,23.21428571,67,73,60,10,7.3,0,0,0
SM Katich,254,6,2638,26,8,9.628506444,0,0,0,0,0,0,0,0
SM Pollock,154,6,1114,12,8,13.82405745,280,301,276,46,6.543478261,0,0,0
SMSM Senanayake,11,2,94,0,0,11.70212766,195,209,192,32,6.53125,0,0,0
SN Khan,547,6,4880,55,13,11.20901639,2,6,2,0,6,0,0,0
SN Thakur,299,6,1303,25,12,22.94704528,1782,2560,1676,279,9.17562724,0,0,0
SO Hetmyer,1187,6,7616,66,75,15.58560924,0,0,0,0,0,0,0,0
SP Fleming,209,6,2112,27,3,9.895833333,0,0,0,0,0,0,0,0
SP Goswami,312,6,3848,32,3,8.108108108,0,0,0,0,0,0,0,0
SP Jackson,61,6,263,5,1,23.19391635,0,0,0,0,0,0,0,0
SP Narine,1124,6,4615,114,64,24.35536295,3782,4175,3721,620,6.733870968,0,0,0
SPD Smith,2536,7,29350,220,59,8.640545145,2,5,2,0,5,0,0,0
SR Tendulkar,2537,6,35793,296,29,7.087978096,37,58,36,6,9.666666667,0,0,0
SR Watson,3953,6,43364,366,188,9.115856471,2089,2616,1987,331,7.903323263,0,0,0
SS Cottrell,0,0,1,0,0,0,106,152,96,16,9.5,0,0,0
SS Iyer,2790,6,34757,232,93,8.027159997,6,7,6,1,7,0,0,0
SS Prabhudessai,111,6,605,8,4,18.34710744,0,0,0,0,0,0,0,0
SS Shaikh,6,4,28,1,0,21.42857143,0,0,0,0,0,0,0,0
SS Tiwary,1564,6,16716,111,49,9.356305336,0,0,0,0,0,0,0,0
ST Jayasuriya,843,7,7575,84,39,11.12871287,301,390,294,49,7.959183673,0,0,0
STR Binny,911,6,5432,65,34,16.77098675,569,706,552,92,7.673913043,0,0,0
SV Samson,3972,6,42469,297,179,9.352704326,0,0,0,0,0,0,0,0
SW Billings,531,7,4097,40,20,12.96070295,0,0,0,0,0,0,0,0
SW Tait,23,6,115,1,1,20,534,640,473,78,8.205128205,0,0,0
Sachin Baby,153,6,963,11,5,15.88785047,10,8,10,1,8,0,0,0
Salman Butt,211,6,3130,30,2,6.741214058,0,0,0,0,0,0,0,0
Sandeep Sharma,61,4,174,4,0,35.05747126,2638,3346,2546,424,7.891509434,0,0,0
Sanvir Singh,12,6,21,1,1,57.14285714,0,0,0,0,0,0,0,0
Shahbaz Ahmed,361,6,2575,21,12,14.01941748,383,567,372,62,9.14516129,0,0,0
Shahid Afridi,82,6,165,7,6,49.6969697,185,225,180,30,7.5,0,0,0
Shakib Al Hasan,818,6,6454,70,21,12.67431051,1491,1816,1460,243,7.473251029,0,0,0
Shashank Singh,70,6,229,5,4,30.56768559,13,20,12,2,10,0,0,0
Shivam Mavi,54,6,206,4,2,26.21359223,668,908,631,105,8.647619048,0,0,0
Shivam Sharma,5,4,2,1,0,250,96,121,96,16,7.5625,0,0,0
Shoaib Ahmed,1,1,6,0,0,16.66666667,103,152,102,17,8.941176471,0,0,0
Shoaib Akhtar,3,1,27,0,0,11.11111111,46,54,42,7,7.714285714,0,0,0
Shoaib Malik,57,4,410,5,0,13.90243902,58,85,51,8,10.625,0,0,0
Shubman Gill,2849,6,37865,268,80,7.524098772,0,0,0,0,0,0,0,0
Sikandar Raza,146,6,1304,10,6,11.19631902,76,123,72,12,10.25,0,0,0
Simarjeet Singh,7,2,12,0,0,58.33333333,113,138,108,18,7.666666667,0,0,0
Sohail Tanvir,40,6,103,3,1,38.83495146,265,266,247,41,6.487804878,0,0,0
Sunny Gupta,0,0,0,0,0,0,19,47,18,3,15.66666667,0,0,0
Sunny Singh,44,6,101,6,1,43.56435644,0,0,0,0,0,0,0,0
Swapnil Singh,14,2,147,0,0,9.523809524,73,108,72,12,9,0,0,0
T Banton,20,6,100,1,1,20,0,0,0,0,0,0,0,0
T Henderson,12,6,95,0,1,12.63157895,36,40,36,6,6.666666667,0,0,0
T Kohli,12,6,78,0,1,15.38461538,0,0,0,0,0,0,0,0
T Natarajan,3,1,11,0,0,27.27272727,1044,1464,1005,167,8.766467066,0,0,0
T Shamsi,2,1,10,0,0,20,120,181,120,20,9.05,0,0,0
T Stubbs,27,4,259,2,0,10.42471042,12,14,12,2,7,0,0,0
T Taibu,31,4,112,3,0,27.67857143,0,0,0,0,0,0,0,0
T Thushara,13,2,47,0,0,27.65957447,144,161,135,22,7.318181818,0,0,0
TA Boult,74,6,230,3,3,32.17391304,2042,2705,1969,328,8.24695122,0,0,0
TD Paine,15,1,199,0,0,7.537688442,0,0,0,0,0,0,0,0
TG Southee,123,6,667,8,4,18.44077961,1237,1710,1182,197,8.680203046,0,0,0
TH David,437,6,1722,24,31,25.37746806,0,0,0,0,0,0,0,0
TK Curran,130,6,1114,10,3,11.66965889,252,430,238,39,11.02564103,0,0,0
TL Seifert,31,4,127,4,0,24.40944882,0,0,0,0,0,0,0,0
TL Suman,701,6,6771,55,26,10.35297593,152,197,150,25,7.88,0,0,0
TM Dilshan,1240,6,17931,140,24,6.915397914,269,356,265,44,8.090909091,0,0,0
TM Head,214,6,2014,12,8,10.62562066,48,81,48,8,10.125,0,0,0
TM Srivastava,8,3,38,0,0,21.05263158,0,0,0,0,0,0,0,0
TR Birt,79,6,315,9,2,25.07936508,0,0,0,0,0,0,0,0
TS Mills,9,6,18,0,1,50,218,343,209,34,10.08823529,0,0,0
TU Deshpande,22,6,49,2,1,44.89795918,515,819,479,79,10.36708861,0,0,0
Tilak Varma,782,6,7472,55,39,10.46573876,19,20,18,3,6.666666667,0,0,0
U Kaul,0,0,1,0,0,0,0,0,0,0,0,0,0,0
UA Birla,9,4,102,1,0,8.823529412,0,0,0,0,0,0,0,0
UBT Chand,327,6,3619,32,9,9.035645206,0,0,0,0,0,0,0,0
UT Khawaja,134,6,1062,14,3,12.61770245,0,0,0,0,0,0,0,0
UT Yadav,210,6,695,16,8,30.21582734,3025,4077,2894,482,8.458506224,0,0,0
Umar Gul,44,6,65,1,5,67.69230769,153,184,135,22,8.363636364,0,0,0
Umran Malik,25,7,53,1,2,47.16981132,512,758,487,81,9.358024691,0,0,0
V Kohli,7384,7,100199,631,230,7.369335023,264,368,251,41,8.975609756,0,0,0
V Pratap Singh,0,0,0,0,0,0,211,296,204,34,8.705882353,0,0,0
V Sehwag,2888,7,25893,330,106,11.15359364,138,235,136,22,10.68181818,0,0,0
V Shankar,1059,6,9261,73,43,11.43505021,214,305,196,32,9.53125,0,0,0
VG Arora,9,2,30,0,0,30,217,310,203,33,9.393939394,0,0,0
VH Zol,29,6,157,3,1,18.47133758,0,0,0,0,0,0,0,0
VR Aaron,52,6,337,2,2,15.43026706,1059,1458,988,164,8.890243902,0,0,0
VR Iyer,1010,7,11115,86,42,9.086819613,78,115,75,12,9.583333333,0,0,0
VRV Singh,5,4,3,1,0,166.6666667,371,542,360,60,9.033333333,0,0,0
VS Malik,9,4,13,1,0,69.23076923,212,261,205,34,7.676470588,0,0,0
VS Yeligati,2,2,1,0,0,200,32,59,30,5,11.8,0,0,0
VVS Laxman,296,7,2935,33,5,10.08517888,0,0,0,0,0,0,0,0
VY Mahesh,21,5,96,0,0,21.875,359,499,339,56,8.910714286,0,0,0
Vijaykumar Vyshak,15,6,45,0,1,33.33333333,153,253,144,24,10.54166667,0,0,0
Virat Singh,11,4,66,1,0,16.66666667,0,0,0,0,0,0,0,0
Vishnu Vinod,59,6,336,3,3,17.55952381,0,0,0,0,0,0,0,0
Vivrant Sharma,73,6,1159,9,2,6.298533218,21,37,18,3,12.33333333,0,0,0
W Jaffer,139,6,1563,14,3,8.893154191,0,0,0,0,0,0,0,0
WA Mota,63,4,617,2,0,10.21069692,75,97,72,12,8.083333333,0,0,0
WD Parnell,77,6,400,4,1,19.25,758,937,723,120,7.808333333,0,0,0
WP Saha,2903,6,29529,269,84,9.83101358,0,0,0,0,0,0,0,0
WPUJC Vaas,84,7,333,2,3,25.22522523,288,355,282,47,7.553191489,0,0,0
Washington Sundar,415,6,2347,32,9,17.68214742,1010,1240,1000,166,7.469879518,0,0,0
X Thalaivan Sargunam,10,2,136,0,0,7.352941176,0,0,0,0,0,0,0,0
Y Gnaneswara Rao,20,4,152,3,0,13.15789474,6,7,6,1,7,0,0,0
Y Nagar,309,6,3003,20,9,10.28971029,72,125,66,11,11.36363636,0,0,0
Y Prithvi Raj,0,0,1,0,0,0,33,57,30,5,11.4,0,0,0
Y Venugopal Rao,1051,6,10102,77,37,10.40388042,222,337,216,36,9.361111111,0,0,0
YA Abdulla,1,1,1,0,0,100,222,307,209,34,9.029411765,0,0,0
YBK Jaiswal,1220,7,12684,145,48,9.618416903,1,6,1,0,6,0,0,0
YK Pathan,3324,6,25543,256,157,13.01335004,1156,1388,1123,187,7.422459893,0,0,0
YS Chahal,43,3,456,0,0,9.429824561,3222,3982,3129,521,7.642994242,0,0,0
YV Dhull,16,4,117,1,0,13.67521368,0,0,0,0,0,0,0,0
YV Takawale,207,6,2184,26,3,9.478021978,0,0,0,0,0,0,0,0
Yash Dayal,0,0,0,0,0,0,293,461,276,46,10.02173913,0,0,0
Yashpal Singh,29,4,406,2,0,7.142857143,0,0,0,0,0,0,0,0
Younis Khan,3,1,21,0,0,14.28571429,0,0,0,0,0,0,0,0
Yudhvir Singh,1,1,0,0,0,inf,50,70,48,8,8.75,0,0,0
Yuvraj Singh,2825,6,25680,213,146,11.00077882,862,1051,851,141,7.453900709,0,0,0
Z Khan,121,6,676,11,2,17.89940828,2275,2782,2199,366,7.601092896,0,0,0
0,0,0,0,0,0,0,18,31,18,3,10.33333333,0,0,0
0,0,0,0,0,0,0,13,21,12,2,10.5,0,0,0
0,0,0,0,0,0,0,156,200,150,25,8,0,0,0
0,0,0,0,0,0,0,160,219,153,25,8.76,0,0,0
0,0,0,0,0,0,0,141,227,138,23,9.869565217,0,0,0
0,0,0,0,0,0,0,162,201,149,24,8.375,0,0,0
0,0,0,0,0,0,0,49,91,48,8,11.375,0,0,0
0,0,0,0,0,0,0,390,479,372,62,7.725806452,0,0,0
0,0,0,0,0,0,0,6,13,6,1,13,0,0,0
0,0,0,0,0,0,0,19,34,18,3,11.33333333,0,0,0
0,0,0,0,0,0,0,17,24,17,2,12,0,0,0
0,0,0,0,0,0,0,28,53,24,4,13.25,0,0,0
0,0,0,0,0,0,0,48,82,48,8,10.25,0,0,0
0,0,0,0,0,0,0,84,141,84,14,10.07142857,0,0,0
0,0,0,0,0,0,0,21,42,18,3,14,0,0,0
0,0,0,0,0,0,0,18,28,18,3,9.333333333,0,0,0
0,0,0,0,0,0,0,26,39,24,4,9.75,0,0,0
0,0,0,0,0,0,0,211,294,204,34,8.647058824,0,0,0
0,0,0,0,0,0,0,61,66,58,9,7.333333333,0,0,0
0,0,0,0,0,0,0,18,27,18,3,9,0,0,0
0,0,0,0,0,0,0,123,200,115,19,10.52631579,0,0,0
0,0,0,0,0,0,0,51,90,48,8,11.25,0,0,0
0,0,0,0,0,0,0,342,448,324,54,8.296296296,0,0,0
0,0,0,0,0,0,0,19,32,18,3,10.66666667,0,0,0
0,0,0,0,0,0,0,336,401,299,49,8.183673469,0,0,0
0,0,0,0,0,0,0,19,33,18,3,11,0,0,0
0,0,0,0,0,0,0,25,62,24,4,15.5,0,0,0
0,0,0,0,0,0,0,31,71,30,5,14.2,0,0,0
0,0,0,0,0,0,0,66,83,66,11,7.545454545,0,0,0
0,0,0,0,0,0,0,16,20,12,2,10,0,0,0
0,0,0,0,0,0,0,15,34,12,2,17,0,0,0
0,0,0,0,0,0,0,25,15,24,4,3.75,0,0,0
0,0,0,0,0,0,0,31,54,30,5,10.8,0,0,0
0,0,0,0,0,0,0,56,73,54,9,8.111111111,0,0,0
0,0,0,0,0,0,0,132,236,132,22,10.72727273,0,0,0
0,0,0,0,0,0,0,6,18,6,1,18,0,0,0
0,0,0,0,0,0,0,107,151,96,16,9.4375,0,0,0
0,0,0,0,0,0,0,36,38,36,6,6.333333333,0,0,0
0,0,0,0,0,0,0,24,33,24,4,8.25,0,0,0
0,0,0,0,0,0,0,98,121,96,16,7.5625,0,0,0
0,0,0,0,0,0,0,6,11,6,1,11,0,0,0
0,0,0,0,0,0,0,12,14,12,2,7,0,0,0
0,0,0,0,0,0,0,12,24,12,2,12,0,0,0
0,0,0,0,0,0,0,43,60,36,6,10,0,0,0
0,0,0,0,0,0,0,18,33,18,3,11,0,0,0
0,0,0,0,0,0,0,13,27,12,2,13.5,0,0,0
0,0,0,0,0,0,0,106,134,102,17,7.882352941,0,0,0
0,0,0,0,0,0,0,50,71,48,8,8.875,0,0,0
0,0,0,0,0,0,0,43,54,42,7,7.714285714,0,0,0
0,0,0,0,0,0,0,24,42,24,4,10.5,0,0,0
0,0,0,0,0,0,0,25,34,25,4,8.5,0,0,0
0,0,0,0,0,0,0,37,51,36,6,8.5,0,0,0
0,0,0,0,0,0,0,239,321,234,39,8.230769231,0,0,0
0,0,0,0,0,0,0,74,136,70,11,12.36363636,0,0,0
0,0,0,0,0,0,0,21,33,21,3,11,0,0,0
0,0,0,0,0,0,0,207,289,191,31,9.322580645,0,0,0
